type,clip,start,end,role,text,image,notes
#,,,,,--- EXAMPLES: edit or delete these four rows ---,,
title,0,,8,,Hierarchical Divine Liturgy||Deacon Training||20 June 2026,,opening card; folds into chapter 1
card,20,,6,,Homily,,standalone card = its own chapter
title,25,,5,,The Great Entrance,,leads into chapter 26
skip,,,,,,,put a clip number here to drop it
#,,,,,--- END EXAMPLES ---,,
,,,,,,,
chapter,1,0,20,,"Greeting of the Hierarch at the Doors

?  What is the order of greeting - warden? Priest? Children ?
Children - Flowers
Parish Council President - Bread and Salt

Rector at center, other priests to south and north sides of the church
(Don’t forget to carry the cross handle to priests left)

Deacon 1 and 2 ready to cense

Subdeacons or altar servers ready at the door to place the Mantiya
(This should be practiced the night before)

One subdeacon or altar server holds the train of the Mantiya
",,
annotation,1,0,4,AS1+2,Subdeacons or altar servers place the mantilla,,
annotation,1,C,3,Deacons,Continuously cense the bishop,,
Speed,1,38,1:20,Priest,Greets Bishop….,,
annotation,1,1:27,4,Priest,"At the conclusion, the priest presents the cross",,
Chapter,2,0,4,,"The Bishop Enters the Nave

",,
Annotation,2,1,7,,"The priests in order kiss the cross, and the Bishop’s hand and receive the blessing,",,
annotation,2,9,5,,"Then the presiding priest does the same, and is given back the cross on his tray",,
annotation,2,25,3,D1,"""Bless, master, the holy incense” - Both Deacons hold up their censers",,
annotation,2,C,2,,First Deacon:  “Wisdom”,,
Annotation,2,C,2,,Deacons turn around and walk forward toward cathedra,,
annotation,2,C,4,CHOIR,"While the first deacon, chants and the choir sings - “it is truly meet…”",,
Annotation,2,44,3,,"Deacons walk past cathedra, turn around and continue to cense the Bishop",,
Annotation,2,1:00,4,AS3+4,"Deacons turn towards the altar, as Bishop walks past, giving their censers away",,
annotation,2,1:05,4,AS1+2,"A server takes the staff, and the Bishop will greet the icons",,
,,,,,,,
chapter,3,,,,Entrance Prayers,,
annotation,3,15,4,D1,"Deacon 1 reads the entrance prayers quietly
As normal, BUT stop before “I will enter thy house” ",,TRIM THE END OF THIS OFF
,,,,,,,
chapter,4,,,,"Conclusion of the Entrance Prayers and the Vesting

Ton Despótēn kaì Archiaréa hēmōn, Kýrie phýlatte: eis pollà étē, Déspota!",,TRIM THE BEGINNING OF THIS
,,,,,,,
annotation,,1,4,D1,"""Bless, master"" — the dialogue begins",,
annotation,,4.2,7.2,D1,"Carries the ""Amen"" straight through to the Our Father",,
annotation,,7.4,10.4,,Staff taken just before the Our Father,,
annotation,,10.6,13.6,D1,"""We venerate Thy most pure image""",,
,,,,,,,
chapter,,,,,Ton Despotin; Blessing of the Clergy,,
annotation,,1,4,,"Staff returned after ""O Lord, stretch forth""",,
annotation,,4.2,7.2,D1,"Intones ""Ton Despotin"" — choir follows",,
annotation,,7.4,10.4,,Clergy approach in order of rank — deacons included,,
annotation,,10.6,13.6,,Priests enter through the deacon doors,,
,,,,,,,
chapter,,,,,Vesting of the Hierarch,,
annotation,,1,4,,"Staff goes to the iconostasis, by the icon of Christ",,
annotation,,4.2,7.2,,"Empty tray collects klobuk, mantiya, panagia",,
annotation,,7.4,10.4,D1+D2,Both deacons on the solea with censers,,
annotation,,10.6,13.6,,Vesting prayers chanted vestment by vestment,,
,,,,,,,
chapter,,,,,Blessing with Dikirion and Trikirion,,
annotation,,1,4,,Bishop blesses the four sides,,
annotation,,4.2,7.2,D1,"""May your light so shine before men""",,
annotation,,7.4,10.4,D1,Deacon censes the bishop nine times — three by three,,
annotation,,10.6,13.6,,Subdeacons flank the deacon on the ambo,,
,,,,,,,
chapter,,,,,It is Time for the Lord to Act; Great Litany,,
annotation,,1,4,D1,"""It is time for the Lord to act""",,
annotation,,4.2,7.2,D1,"""Bless, master""",,
annotation,,7.4,10.4,,"The senior priest exclaims, not the bishop",,
annotation,,10.6,13.6,D2,Great Litany,,
,,,,,,,
chapter,,,,,First Antiphon; Washing of the Hierarch's Hands,,
annotation,,1,4,,Hands washed during the First Antiphon,,
annotation,,4.2,7.2,D1,Deacon says the prayers as three servers assist,,
,,,,,,,
chapter,,,,,Conclusion of the Washing; Little Litany,,
annotation,,1,4,D2,Little Litany,,
,,,,,,,
chapter,,,,,Second Antiphon,,
annotation,,1,4,,Second Antiphon,,
,,,,,,,
chapter,,,,,"Little Entrance, Part 1",,
annotation,,1,4,,Servers with candles and fans lead,,
annotation,,4.2,7.2,D1,Deacon carries the Gospel,,
annotation,,7.4,10.4,D1,Asks the blessing for the entrance,,
,,,,,,,
chapter,,,,,"Little Entrance, Part 2",,
annotation,,1,4,D1,Presents the Gospel for veneration,,
annotation,,4.2,7.2,D1,"""Wisdom, let us attend""",,
annotation,,7.4,10.4,,"Entrance hymn: clergy first, then choir",,
,,,,,,,
chapter,,,,,Note: Removal of the Trikirion and Dikirion,,
annotation,,1,4,,Note: how the trikirion and dikirion are taken,,
,,,,,,,
chapter,,,,,"Censing by the Hierarch, Led by the Deacon",,
annotation,,1,4,,Bishop censes holding the trikirion,,
annotation,,4.2,7.2,,A deacon leads him with the dikirion,,
annotation,,7.4,10.4,,"Bow to the high place, bow to the bishop, switch candles",,
,,,,,,,
chapter,,,,,"Troparia, Kontakia, Save the Pious, Trisagion",,
annotation,,1,4,,Troparia and kontakia,,
annotation,,4.2,7.2,D1,"""O Lord, save those who fear Thee"" — choir repeats",,
annotation,,7.4,10.4,,Subdeacons light the candles at the high place,,
annotation,,10.6,13.6,,Dikirion passes through the deacon to the hierarch,,
annotation,,13.8,16.8,,Bishop holds dikirion and cross together,,
,,,,,,,
chapter,,,,,Conclusion of the Trisagion; Blessing of the Epistle Book,,
annotation,,1,4,,"Dikirion to the high place, trikirion to the clergy",,
annotation,,4.2,7.2,,Reader receives the blessing to read,,
,,,,,,,
chapter,,,,,Lesser Censing; the Epistle,,
annotation,,1,4,,Great omophorion removed for the reading,,
annotation,,4.2,7.2,D2,"""Let us attend"" / ""Wisdom""",,
annotation,,7.4,10.4,D1,Brings the incense to the bishop before censing,,
,,,,,,,
chapter,,,,,Alleluia; the Gospel Book Goes Out,,
annotation,,1,4,,Trikirion and dikirion lit for the Gospel,,
annotation,,4.2,7.2,,Gospel book goes out,,
,,,,,,,
chapter,,,,,Reading of the Gospel,,
annotation,,7.4,10.4,D2,"""Wisdom. Aright. Let us hear the holy Gospel.""",,
annotation,,1,4,D1,Reads the Gospel,,
,,,,,,,
chapter,,,,,The Gospel is Returned to the Altar,,
annotation,,4.21,7.21,,Blessing with dikirion and trikirion follows,,
annotation,,7.41,10.41,,Second of five Eis polla blessings,,
,,,,,,,
chapter,,,,,Augmented Litany Begins,,
annotation,,1,4,D2,Augmented Litany,,
,,,,,,,
chapter,,,,,Augmented Litany through the Censing before the Great Entrance,,
annotation,,1,4,,Four extra litanies when a deacon serves — pp. 50-51,,
annotation,,4.2,7.2,D1,Censing begins inside the sanctuary,,
annotation,,7.4,10.4,,"Handwashing outside the altar, before the Royal Doors",,
annotation,,10.6,13.6,,Small omophorion on as the bishop re-enters,,
,,,,,,,
chapter,,,,,Clergy Kiss the Hierarch's Shoulder,,
annotation,,1,4,,"Clergy kiss the hierarch's shoulder, in rank",,
,,,,,,,
chapter,,,,,The Second Deacon Kisses the Hierarch's Shoulder,,
annotation,,1,4,D2,The second deacon goes last,,
,,,,,,,
chapter,,,,,The Hierarch Makes the Commemorations,,
annotation,,1,4,,Bishop censes the gifts,,
annotation,,4.2,7.2,D1,Aer goes on the deacon's shoulder,,
annotation,,7.4,10.4,D1,Deacon finishes the censing; commemorated last,,
,,,,,,,
chapter,,,,,Covering the Gifts; the Great Entrance,,
annotation,,1,4,,Mitre and small omophorion on the tray — out first,,
annotation,,4.2,7.2,,Bishop censes diskos and chalice before receiving them,,
annotation,,7.4,10.4,D1,"Carries the diskos, commemorating the hierarch",,
annotation,,10.6,13.6,,Priest carries the chalice,,
,,,,,,,
chapter,,,,,Conclusion of the Great Entrance,,
annotation,,1,4,,Mitre back on; blessing with trikirion and dikirion,,
annotation,,4.2,7.2,,Third Eis polla,,
,,,,,,,
chapter,,,,,Litany of Supplication; the Creed,,
annotation,,1,4,D2,Litany of Supplication,,
annotation,,4.2,7.2,,Light the candles during the Creed — blessing follows,,
,,,,,,,
chapter,,,,,"The Anaphora, Part 1",,
annotation,,1,4,,The Anaphora begins,,
,,,,,,,
chapter,,,,,"The Anaphora, Part 2",,
annotation,,1,4,,"At ""Holy, holy, holy"": small omophorion on, mitre off",,
,,,,,,,
chapter,,,,,"The Anaphora, Part 3",,
annotation,,1,4,,"After ""Amen. Amen. Amen."": omophorion off, mitre on",,
,,,,,,,
chapter,,,,,"The Anaphora, Part 4",,
annotation,,1,4,D1,"Deacon exits through the Royal Doors: ""And all mankind""",,
annotation,,4.2,7.2,D1,"Begin on the ambo, facing the people",,
annotation,,7.4,10.4,D1,Into the altar — point to the holy gifts,,
annotation,,10.6,13.6,D1,To the high place: bow. Then bow to the hierarch.,,
annotation,,13.8,16.8,D1,"Back to the ambo to finish, facing the people",,
,,,,,,,
chapter,,,,,"The Anaphora, Part 5; Litany before the Lord's Prayer",,
annotation,,1,4,D2,Litany before the Lord's Prayer,,
annotation,,4.2,7.2,,"Omophorion on after ""Peace be unto all""",,
annotation,,7.4,10.4,,Mitre off before the Our Father,,
,,,,,,,
chapter,,,,,After Communion; Transfer of the Gifts,,
annotation,,1,4,,"""O God, save Thy people"" — fourth Eis polla",,
annotation,,1,4,D1,Deacon takes diskos and censer; priest the chalice,,
,,,,,,,
chapter,,,,,Litany of Thanksgiving,,
annotation,,1,4,D2,Litany of Thanksgiving,,
,,,,,,,
chapter,,,,,Final Blessing; Many Years,,
annotation,,1,4,,Prayer before the Ambo is read by a priest,,
annotation,,4.2,7.2,,"Dismissal, then the fifth and last Eis polla",,
,,,,,,,
chapter,,,,,Conclusion,,
