filename	bytes	sha256	duration_s	vcodec	width	height	fps	acodec
01 - Greeting the Bishop - 20260620_093957.mp4	175680637	999189571e55772b05674c1d52c56652f42a3b239d5127cf432f1e8144d90751	86.995979	h264	1920	1080	30/1	aac
02 - Bishop moves to the cathedra while being censed - 20260620_094250.mp4	172788280	a15a2bbd84783027bfac359961c7b83e7cd6b7406229283bc65544e697271e11	80.521167	h264	1920	1080	30/1	aac
03 - Entrance Prayers - 20260620_094418.mp4	337525080	06b2b7aa7b9e327cc6177074f9ef675feb25785214fb55db6a88c94a2eaa1d3a	163.990089	h264	1920	1080	30/1	aac
04 - Conclusion of Entrance Prayers, Ton Des Postin, Blessing of Clergy - 20260620_094729.mp4	274021340	4ad7527dbcfeda179f4806f1d015bd396d6c7ee908d5c1faab6a867cce481ce7	130.025911	h264	1920	1080	30/1	aac
05 - Vesting of the Bishop - 20260620_094946.mp4	143093859	c82969c299e02349929e86284fea29738744d15b4571c1f6917b5b9e736e24b5	88.424978	h264	1920	1080	30/1	aac
06 - Blessing with Dikiri and Trikiri - 20260620_095541.mp4	166141418	3d56dbe01edd3694c371f976fd2cf5d8401a7885410378e3b54cc58b537b67f6	130.021967	h264	1920	1080	119/4	aac
07 - It is time for the lord to act and first litany - 20260620_095754.mp4	124377681	15c6af8a30554a8712e0cef1da543334a93bd959d1990dad803a214c6df80994	91.352211	h264	1920	1080	119/4	aac
08 - First Antiphon and Washing of Bishops Hands - 20260620_100107.mp4	116163614	55f6a581cccf58380cdedde895592e7534ab815bd21902c465dd15dbde2b668e	77.620978	h264	1920	1080	119/4	aac
09 - Conclusion of washing of hands and Second Litany 20260620_100237.mp4	46932738	8085df815ffa97bd4839d1774c64ada794d4d5b02359b4c124e70360b298d466	30.689878	h264	1920	1080	119/4	aac
10 - Second Antiphon - 20260620_100353.mp4	29667938	6ddef498b08d2ff004b43566b4eb1b365417893e6f633710eda4ca3f21cd0a51	21.562067	h264	1920	1080	119/4	aac
11 - Little Entrance Part 1 - 20260620_100759.mp4	141115923	466290b78c398d2a8dc2f9bb69deac1069c79fc08a0e6577861e548040f12343	65.362067	h264	1920	1080	30/1	aac
12 - Little Entrance Part 2 - 20260620_101011.mp4	214924693	4151ea14078ff2cabd72b443ccc719424cfbef10bb40e15005ebec897a801235	100.058522	h264	1920	1080	30/1	aac
13 - A note on the removal of tikiri and dikiri - 20260620_101225.mp4	21722030	4a27e7b3192499f8d484087d204f756c3d4518fb96ec604a6fb8c4bc499d5a6b	9.562078	h264	1920	1080	120/1	aac
14 - Censing by the Bishop after Little Entrance (led by Deacon) - 20260620_101344.mp4	240439114	e3058a0234c4f05f6af44e7ca8ea244f7ad957129a50442c03727d364f4be5a7	114.640789	h264	1920	1080	30/1	aac
15 - Troparian, Kontakion, Save the Pious, and Thrice Holy Hymn - 20260620_101616.mp4	501504918	8659dc534c219355cc410ea7b7dcbb70e044c5fb8853dad7952d40ba0d2a6108	238.522100	h264	1920	1080	30/1	aac
16 - Conclusion of Thrice Holy and Blessing of the Epistle Book - 20260620_102026.mp4	166021502	00d3da21a943c3c9e1ccf0388866293c1f146145de13884c76d089df50494080	77.752822	h264	1920	1080	30/1	aac
17 - Lesser Censing, and Epistle Reading - 20260620_102149.mp4	402873332	5a044567323028837da3fa04503fc8b1c2395a205585714b3d077069c50e4047	197.553933	h264	1920	1080	30/1	aac
18 - Alleluia and Gospel Book Goes Out - 20260620_102517.mp4	111272445	42e72f38599b70bba29965dda47543756ed114db0ac8cbf96b4127951879a70c	52.004433	h264	1920	1080	30/1	aac
19 - Reading of Gospel - 20260620_102638.mp4	99519060	7ee4adf7510907720f3147d41769eea0f6c5dc430d50d1b0ef28b5335f616dbe	64.930300	h264	1920	1080	30/1	aac
20 - Gospel is Returned to the Altar - 20260620_102916.mp4	59441409	c8589a4c65859b6508a98fea1b53a0a9bdda19ec30162055319003ce062e8d3b	28.179078	h264	1920	1080	30/1	aac
21 - Augmented Litany Begins - 20260620_104752.mp4	48655379	4e633ad93b493a02a749c8e0d6d8eb66d48feed5b20920ce61a9c3ea03c3282b	22.744933	h264	1920	1080	30/1	aac
22 - Augmented Litany through censing before great entrance - 20260620_104825.mp4	927999218	d165b597e9290740732bf607e0a3cb1126f2d38239a99c9134bfa3c268d82a94	430.540722	h264	1920	1080	30/1	aac
23 - Clergy Kissing the Bishops Shoulder - 20260620_105543.mp4	20972659	61c94ab61a6463c658450ffec7561ac9ef2389976dd9a276e417fa4e79691445	9.767167	h264	1920	1080	179/6	aac
24 - And last the 2nd Deacon kisses the Bishops Shoulder - 20260620_105705.mp4	20042271	ef7c3d9298fde8b9dcb41047fb7c4dfc340219457f422334fa0cf2f26bc97a3f	9.219700	h264	1920	1080	179/6	aac
25 - The Bishop makes commerations - 20260620_105718.mp4	18634588	24f14c846007e868a0aa65f6ca9b203cac0532ea209443567f63f31889fef295	9.133100	h264	1920	1080	179/6	aac
26 - Covering the Gifts and The Great Entrance - 20260620_105930.mp4	424565506	066fab982f27cfb3b0cda20a8c3f229625371b68c378a8e9ce88c7088ee2984c	271.466167	h264	1920	1080	179/6	aac
27 - Conclusion of the Great Entrance - 20260620_110635.mp4	64585429	4d496b2feeea72cdf7aec82311a174f7d307b55f22fb5bfd6ad068d58744095d	30.510744	h264	1920	1080	30/1	aac
28 - Litany of Supplication and the Creed - 20260620_110822.mp4	310063901	0d017f32c993ba06b00eeb3a3b3e6817ac5623139eb23e6c8f50839f586bf95f	161.813144	h264	1920	1080	30/1	aac
29 - The anaphora part 1 - 20260620_111317.mp4	378981282	af3239b63ebe811dcf5f3ccc54dce0adae2ea09d636e706a2f5fd5c269879759	175.768467	h264	1920	1080	30/1	aac
30 - The anaphora part 2 - 20260620_111619.mp4	162401758	2505a4fc525c5b0d000db2a9a10872463c3481215364568ffb06d0e467b5560f	96.425833	h264	1920	1080	179/6	aac
31 - The anaphora part 3 - 20260620_111817.mp4	121776415	87a7e48b16a833212594f553e18a25fe820f4162c8e1f9f72d7249c6483c0f12	64.443478	h264	1920	1080	179/6	aac
32 - The anaphora part 4 - 20260620_111949.mp4	316863478	fc7212f74dfa63f27e8f0cba925312bccb6f34b91c76ea213299b9abf0dfd94f	164.380467	h264	1920	1080	30/1	aac
33 - The anaphora part 5 and beginning of Litany before the lords prayer - 20260620_112239.mp4	170572864	64c9f7de75f6f60fc0c79a03ca49639240abaec998c878d2c9bb7d5c326bd9d8	79.164244	h264	1920	1080	30/1	aac
34 - After Communion - 20260620_115008.mp4	171962873	3dea399ccfa4327bb886fe62dd20240b2b1fbad2fe4cec7ce9a846a7de16cc91	82.665375	h264	1920	1080	30/1	aac
35 - Litany of Thanksgiving - 20260620_115201.mp4	117274443	5eb0b0f8fce3d37ec0fbb3afba0a5fba278f30e303228c07354a1fc1a3977ead	76.993633	h264	1920	1080	30/1	aac
36 - Final blessing and Many Yearsn- 20260620_115453.mp4	486871708	df6691a4313976ff29965afe0388e43d58f7c8bcd1c66e51ae4958c8bc14e08c	247.014000	h264	1920	1080	30/1	aac
37 - Conclusion - 20260620_115923.mp4	35956452	68055a590d9b7749b28b8b9e9d79f29518fba42f197dc56388319d0db4614391	21.769778	h264	1920	1080	30/1	aac
